"","estimate_Age","SE","z_val","p_val","low_CI","high_CI"
"1",54.2835736540744,7.19470264253819,7.54493637209222,4.52508374694781e-14,40.1822155952244,68.3849317129244
"2",54.8552767983932,7.08576135615372,7.74162070117609,9.81574491351956e-15,40.9674397372862,68.7431138595002
"3",59.1093286271955,6.71909278675668,8.7972186875734,1.40248827818462e-18,45.9401487563695,72.2785084980214
"4",74.7572656452046,11.1960126888385,6.67713298679372,2.43661831161904e-11,52.8134840046277,96.7010472857815
"5",68.040816220964,8.47875749188839,8.02485697769496,1.01644295341061e-15,51.4227569032136,84.6588755387144
"6",65.98235737987,7.82536172950114,8.43186036130707,3.40212801276226e-17,50.6449302240497,81.3197845356903
"7",34.971419538526,15.0389527969508,2.32538927481816,0.0200511544546873,5.49561369130452,64.4472253857475
