Individual,Age,gamma
AX001,63,0.3284447
KX001,29,0.347520296
KX002,38,0.528954548
KX003,81,2.480229067
KX004,77,1.277767552
KX008,76,1.042733471
SX001,48,0.048780488
